WallSizeWidth,WallSizeHeight,SortLayer,,
5,5,-1,,
,,,,
,,,,
"6,-1","6,-1","6,-1","6,-1","6,-1"
"6,-1","6,-1","6,-1","6,-1","6,-1"
"6,-1","6,16","6,16","6,16","6,-1"
"6,-1","6,-1","6,-1","6,-1","6,-1"
"6,-1","6,-1","6,-1","6,-1","6,-1"
,,,,
,,,,
WallType,WallPosition.x,WallPosition.y,WallSize.x,WallSize.y
0,42.5,34.0000076,25.9999771,25.0000038
1,126.499985,37.0000153,22.0000305,50.9999771
2,23.5000076,193,55.9999771,26.0000153
1,115.499977,127.000023,117.999992,96.9999771
